City_ID,City,Lat,Lng,Max Temp,Humidity,Cloudiness,Wind Speed,Country,Date
0,camacha,33.0833,-16.3333,14.68,67,40,7.72,PT,1675556609
1,castro,-24.7911,-50.0119,16.92,95,86,2.54,BR,1675556483
2,zhanaozen,43.3,52.8,-2.08,85,47,2.58,KZ,1675556647
3,hobart,-42.8794,147.3294,21.81,51,10,0.45,AU,1675556648
4,saint-paul,-21.0096,55.2707,26.05,81,89,0.51,RE,1675556648
5,yar-sale,66.8333,70.8333,-13.62,97,96,2.87,RU,1675556649
6,monte patria,-30.6919,-70.9467,24.51,53,1,2.39,CL,1675556650
7,pisco,-13.7,-76.2167,22.03,94,48,2.57,PE,1675556374
8,enid,36.3956,-97.8784,14.09,44,0,7.72,US,1675556460
9,cape town,-33.9258,18.4232,21.6,90,75,5.66,ZA,1675556410
10,albany,42.6001,-73.9662,-10.43,50,61,0.45,US,1675556552
11,walvis bay,-22.9575,14.5053,17.83,81,100,4.58,NA,1675556537
12,souillac,-20.5167,57.5167,26.21,83,40,1.54,MU,1675556378
13,severo-kurilsk,50.6789,156.125,-2.24,71,100,2.7,RU,1675556654
14,cidreira,-30.1811,-50.2056,23.48,70,61,2.7,BR,1675556655
15,broome,42.2506,-75.833,-6.88,57,0,5.36,US,1675556656
16,ushuaia,-54.8,-68.3,12.81,62,75,5.66,AR,1675556360
17,ribeira grande,38.5167,-28.7,16.54,89,38,4.92,PT,1675556658
18,svetlogorsk,52.6333,29.7333,-5.82,93,95,4.88,BY,1675556608
19,turukhansk,65.8167,87.9833,-13.34,96,98,3.15,RU,1675556565
20,punta arenas,-53.15,-70.9167,13.06,88,0,10.8,CL,1675556659
21,puerto colombia,10.9878,-74.9547,25.05,85,8,10.35,CO,1675556555
22,atuona,-9.8,-139.0333,25.88,75,28,7.75,PF,1675556521
23,bengkulu,-3.8004,102.2655,23.65,89,100,2.05,ID,1675556661
24,ruwi,23.5996,58.5507,19.83,67,0,1.29,OM,1675556441
25,jamestown,42.097,-79.2353,-3.23,36,0,6.17,US,1675556624
26,yellowknife,62.456,-114.3525,-25.71,70,75,2.06,CA,1675556413
27,moindou,-21.6924,165.677,30.68,66,74,2.77,NC,1675556662
28,talnakh,69.4865,88.3972,-11.55,96,100,3.19,RU,1675556663
29,bredasdorp,-34.5322,20.0403,20.36,90,2,3.33,ZA,1675556663
30,east london,-33.0153,27.9116,23.54,80,100,4.76,ZA,1675556664
31,hilo,19.7297,-155.09,26.85,72,75,5.14,US,1675556664
32,alice springs,-23.7,133.8833,23.75,33,1,4.12,AU,1675556616
33,vaini,-21.2,-175.2,30.09,74,75,8.23,TO,1675556665
34,smithers,54.7804,-127.1743,4.18,81,100,2.06,CA,1675556666
35,qaanaaq,77.484,-69.3632,-20.37,59,60,1.23,GL,1675556666
36,beringovskiy,63.05,179.3167,-26.75,84,65,7.02,RU,1675556668
37,prieska,-29.6641,22.7474,25.59,39,71,5.48,ZA,1675556669
38,san patricio,28.017,-97.5169,19.05,68,29,3.46,US,1675556444
39,atbasar,51.8,68.3333,-14.41,95,72,4.92,KZ,1675556495
40,ilhabela,-23.7781,-45.3581,26.22,81,78,2.52,BR,1675556670
41,korla,41.7597,86.1469,-4.22,73,50,0.24,CN,1675556670
42,tilichiki,60.4667,166.1,-25.12,95,39,3.58,RU,1675556671
43,pathein,16.7833,94.7333,20.77,70,36,2.32,MM,1675556671
44,tahta,26.7693,31.5021,11.82,51,44,2.61,EG,1675556672
45,shiraz,29.6036,52.5388,3.69,60,0,0.0,IR,1675556672
46,giraltovce,49.114,21.5173,-3.25,85,55,5.08,SK,1675556673
47,nouadhibou,20.931,-17.0347,18.99,30,89,7.72,MR,1675556673
48,provideniya,64.3833,-173.3,-18.87,90,97,4.72,RU,1675556673
49,kloulklubed,7.0419,134.2556,28.28,78,99,8.37,PW,1675556674
50,saint-philippe,-21.3585,55.7679,24.77,86,99,4.53,RE,1675556674
51,padang,-0.9492,100.3543,24.03,89,100,0.26,ID,1675556674
52,iqaluit,63.7506,-68.5145,-36.15,68,75,6.69,CA,1675556675
53,saskylakh,71.9167,114.0833,-33.67,97,92,1.53,RU,1675556377
54,esperance,-33.8667,121.9,22.06,53,0,6.17,AU,1675556675
55,ahipara,-35.1667,173.1667,22.3,71,100,4.57,NZ,1675556676
56,rikitea,-23.1203,-134.9692,26.19,74,3,5.57,PF,1675556532
57,nikolskoye,59.7035,30.7861,-4.06,91,99,2.73,RU,1675556676
58,goderich,43.7501,-81.7165,-2.82,68,95,7.72,CA,1675556677
59,victoria,22.2855,114.1577,18.3,86,100,4.92,HK,1675556401
60,pastavy,55.1168,26.8326,-7.21,94,99,4.46,BY,1675556678
61,port lincoln,-34.7333,135.8667,19.12,62,48,2.41,AU,1675556678
62,vila velha,-20.3297,-40.2925,27.19,84,0,7.2,BR,1675556678
63,kapaa,22.0752,-159.319,24.18,80,75,4.63,US,1675556679
64,klaksvik,62.2266,-6.589,4.51,79,58,13.1,FO,1675556384
65,aklavik,68.2191,-135.0107,-36.0,68,0,1.54,CA,1675556679
66,nelson bay,-32.7167,152.15,26.03,44,0,1.34,AU,1675556680
67,margate,51.3813,1.3862,8.26,78,100,0.89,GB,1675556680
68,bluff,-46.6,168.3333,16.02,93,100,3.98,NZ,1675556681
69,faanui,-16.4833,-151.75,27.51,73,50,7.58,PF,1675556681
70,cayenne,4.9333,-52.3333,25.02,94,75,1.54,GF,1675556422
71,tasiilaq,65.6145,-37.6368,-3.91,93,100,13.44,GL,1675556682
72,chokurdakh,70.6333,147.9167,-31.16,97,99,3.91,RU,1675556682
73,manokwari,-0.8667,134.0833,26.29,81,99,0.83,ID,1675556682
74,forio,40.7342,13.8646,8.23,46,4,18.02,IT,1675556683
75,tiksi,71.6872,128.8694,-29.81,100,100,1.12,RU,1675556683
76,port alfred,-33.5906,26.891,25.1,70,100,0.45,ZA,1675556683
77,vila franca do campo,37.7167,-25.4333,13.23,85,2,2.73,PT,1675556387
78,georgetown,5.4112,100.3354,25.96,85,20,2.57,MY,1675556596
79,busselton,-33.65,115.3333,24.48,38,77,2.77,AU,1675556684
80,iracoubo,5.4802,-53.2011,24.92,87,100,7.41,GF,1675556685
81,monrovia,6.3005,-10.7969,24.87,87,67,4.3,LR,1675556543
82,cherskiy,68.75,161.3,-38.03,100,97,1.2,RU,1675556685
83,kuusamo,65.9667,29.1833,-11.98,92,100,2.06,FI,1675556685
84,butaritari,3.0707,172.7902,27.34,81,52,8.37,KI,1675556686
85,oyon,-10.6681,-76.7731,8.22,90,100,1.68,PE,1675556686
86,wanning,18.8003,110.3967,22.39,91,100,3.38,CN,1675556687
87,sitka,57.0531,-135.33,2.94,87,100,1.54,US,1675556528
88,mataura,-46.1927,168.8643,20.61,81,100,1.43,NZ,1675556687
89,mecca,21.4267,39.8261,19.5,58,9,2.76,SA,1675556433
90,saldanha,-33.0117,17.9442,19.03,96,94,5.69,ZA,1675556688
91,lavrentiya,65.5833,-171.0,-22.83,91,97,3.21,RU,1675556689
92,cabo san lucas,22.8909,-109.9124,27.61,55,0,3.09,MX,1675556640
93,ponta do sol,32.6667,-17.1,17.35,51,32,3.79,PT,1675556689
94,thompson,55.7435,-97.8558,-19.91,77,75,1.03,CA,1675556690
95,pontes e lacerda,-15.2261,-59.3353,22.96,93,91,1.11,BR,1675556691
96,high level,58.5169,-117.136,-13.94,92,100,2.06,CA,1675556691
97,chuy,-33.6971,-53.4616,18.51,94,35,5.38,UY,1675556692
98,kaitangata,-46.2817,169.8464,23.51,63,100,1.61,NZ,1675556431
99,arraial do cabo,-22.9661,-42.0278,25.24,88,23,6.13,BR,1675556692
100,chiredzi,-21.05,31.6667,22.67,66,49,3.36,ZW,1675556693
101,dikson,73.5069,80.5464,-18.99,97,100,1.35,RU,1675556411
102,yenagoa,4.9247,6.2642,25.86,87,99,2.37,NG,1675556693
103,deputatskiy,69.3,139.9,-32.36,99,96,1.11,RU,1675556694
104,lebu,-37.6167,-73.65,15.15,95,62,1.66,CL,1675556694
105,mendoza,-32.8908,-68.8272,28.74,37,0,1.54,AR,1675556695
106,new norfolk,-42.7826,147.0587,21.07,43,9,2.24,AU,1675556395
107,barrow,71.2906,-156.7887,-29.99,76,0,4.63,US,1675556695
108,mogadishu,2.0371,45.3438,24.39,73,63,9.35,SO,1675556491
109,bethel,41.3712,-73.414,-6.8,45,20,2.06,US,1675556695
110,carnarvon,-24.8667,113.6333,26.74,68,1,3.99,AU,1675556696
111,fowa,8.9167,6.4,27.92,18,40,2.14,NG,1675556696
112,chiang khong,20.2613,100.4046,16.79,99,81,0.58,TH,1675556697
113,mzimba,-11.9,33.6,17.23,95,87,0.64,MW,1675556697
114,beloha,-25.1667,45.05,22.5,82,100,5.86,MG,1675556697
115,karratha,-20.7377,116.8463,32.31,47,26,2.41,AU,1675556698
116,half moon bay,37.4636,-122.4286,15.44,92,100,11.32,US,1675556698
117,te anau,-45.4167,167.7167,16.35,95,100,2.93,NZ,1675556699
118,clyde river,70.4692,-68.5914,-26.87,63,100,7.72,CA,1675556699
119,kahului,20.8947,-156.47,27.01,66,20,10.29,US,1675556476
120,nyurba,63.2842,118.3319,-47.55,100,100,0.8,RU,1675556644
121,praia da vitoria,38.7333,-27.0667,15.42,94,20,6.41,PT,1675556700
122,bien hoa,10.95,106.8167,23.99,76,34,2.39,VN,1675556682
123,norman wells,65.282,-126.8329,-25.98,70,75,1.54,CA,1675556496
124,alghero,40.5589,8.3181,5.05,100,0,1.54,IT,1675556701
125,husavik,66.0449,-17.3389,-2.16,76,48,6.67,IS,1675556701
126,malingin,11.05,123.9833,25.89,83,99,3.98,PH,1675556702
127,mar del plata,-38.0023,-57.5575,20.05,73,0,2.06,AR,1675556581
128,pangnirtung,66.1451,-65.7125,-35.32,97,66,0.27,CA,1675556705
129,kaniama,-7.5667,24.1833,17.47,97,95,1.27,CD,1675556707
130,cape coast,5.1053,-1.2466,25.99,87,57,4.04,GH,1675556709
131,isabela,6.7085,121.9711,27.03,77,99,2.37,PH,1675556714
132,namibe,-15.1961,12.1522,21.31,77,76,2.79,AO,1675556716
133,yerbogachen,61.2767,108.0108,-28.98,100,95,1.03,RU,1675556523
134,la ronge,55.1001,-105.2842,-11.86,79,75,1.54,CA,1675556558
135,avarua,-21.2078,-159.775,29.03,79,75,6.69,CK,1675556726
136,hailin,44.5833,129.4167,-16.01,90,96,0.61,CN,1675556733
137,iranshahr,27.2025,60.6848,14.19,72,0,3.09,IR,1675556735
138,ranchi,23.35,85.3333,14.06,62,41,1.54,IN,1675556736
139,maneadero,31.7167,-116.5667,17.28,71,6,0.45,MX,1675556736
140,nemuro,43.3236,145.575,-5.33,71,28,3.42,JP,1675556737
141,jinchang,38.4953,102.1739,-3.02,39,1,0.55,CN,1675556737
142,ponsacco,43.6238,10.6291,9.36,77,1,3.58,IT,1675556738
143,coihaique,-45.5752,-72.0662,22.97,49,20,1.54,CL,1675556490
144,grand gaube,-20.0064,57.6608,26.22,85,88,5.34,MU,1675556739
145,manakara,-22.1333,48.0167,23.16,91,100,0.72,MG,1675556739
146,upernavik,72.7868,-56.1549,-22.19,98,100,0.7,GL,1675556739
147,sturgeon falls,46.3646,-79.9326,-12.02,94,100,5.17,CA,1675556740
148,geraldton,-28.7667,114.6,26.23,73,40,3.6,AU,1675556740
149,oyama,36.3,139.8,5.88,45,0,1.3,JP,1675556741
150,mlonggo,-6.5333,110.7,25.69,88,100,2.63,ID,1675556741
151,bud,39.447,-86.1758,5.38,53,91,7.08,US,1675556502
152,whitehorse,60.7161,-135.0538,-9.99,78,75,2.57,CA,1675556742
153,beyneu,45.3167,55.2,-0.31,97,100,4.07,KZ,1675556742
154,faya,18.3851,42.4509,10.29,56,94,0.95,SA,1675556743
155,hermanus,-34.4187,19.2345,21.56,92,24,2.45,ZA,1675556743
156,bandarbeyla,9.4942,50.8122,23.02,73,90,6.64,SO,1675556744
157,tuatapere,-46.1333,167.6833,18.04,99,100,1.49,NZ,1675556744
158,sorland,67.667,12.6934,3.92,95,100,18.13,NO,1675556744
159,hofn,64.2539,-15.2082,0.75,65,69,2.53,IS,1675556745
160,tripoli,32.8752,13.1875,14.07,72,50,5.42,LY,1675556613
161,uusikaupunki,60.8004,21.4084,-3.03,75,27,4.95,FI,1675556746
162,nanortalik,60.1432,-45.2371,-4.03,80,99,7.75,GL,1675556746
163,mahebourg,-20.4081,57.7,26.16,83,40,1.54,MU,1675556747
164,pacific grove,36.6177,-121.9166,15.79,87,100,9.83,US,1675556747
165,olafsvik,64.8945,-23.7142,3.28,96,100,11.82,IS,1675556748
166,meulaboh,4.1363,96.1285,23.54,88,93,1.5,ID,1675556748
167,baie-comeau,49.2168,-68.1489,-24.18,53,0,5.66,CA,1675556639
168,vitim,59.4511,112.5578,-16.32,96,100,2.23,RU,1675556749
169,hohhot,40.8106,111.6522,-7.84,53,0,2.0,CN,1675556749
170,kununurra,-15.7667,128.7333,28.99,70,40,1.03,AU,1675556749
171,lafia,8.4833,8.5167,27.32,17,56,0.9,NG,1675556750
172,biloela,-24.4167,150.5,30.88,51,87,2.36,AU,1675556750
173,hualmay,-11.0964,-77.6139,22.61,80,96,3.21,PE,1675556750
174,indian head,38.6001,-77.1622,0.07,39,0,3.09,US,1675556751
175,valley city,46.9233,-98.0032,0.29,93,0,5.66,US,1675556667
176,lisakovsk,52.5369,62.4936,-20.91,100,48,3.19,KZ,1675556751
177,urucui,-7.2294,-44.5561,24.58,76,58,1.02,BR,1675556564
178,hasaki,35.7333,140.8333,6.27,54,6,6.99,JP,1675556752
179,port elizabeth,-33.918,25.5701,27.16,50,0,6.17,ZA,1675556752
180,banda aceh,5.5577,95.3222,24.98,85,92,2.9,ID,1675556753
181,gat,31.61,34.7642,12.44,100,71,4.31,IL,1675556460
182,algeciras,36.1333,-5.4505,10.82,82,0,1.03,ES,1675556753
183,puerto ayora,-0.7393,-90.3518,26.42,92,60,3.58,EC,1675556754
184,betare oya,5.6,14.0833,22.34,24,43,2.31,CM,1675556754
185,tagab,34.855,69.6492,2.42,54,19,2.69,AF,1675556754
186,saint george,37.1041,-113.5841,15.8,31,0,2.06,US,1675556523
187,port keats,-14.25,129.55,28.81,66,36,1.96,AU,1675556755
188,kavieng,-2.5744,150.7967,28.4,71,90,1.81,PG,1675556755
189,dickinson,29.4608,-95.0513,15.61,80,40,5.14,US,1675556756
190,fortuna,40.5982,-124.1573,16.19,73,100,6.69,US,1675556756
191,progreso,21.2833,-89.6667,22.28,76,62,7.18,MX,1675556757
192,mackay,-21.15,149.2,32.6,76,100,3.38,AU,1675556757
193,siguiri,11.6667,-9.5,25.34,19,57,1.58,GN,1675556758
194,ouro fino,-22.2831,-46.3692,19.96,97,99,0.96,BR,1675556759
195,robertsport,6.7533,-11.3686,26.34,90,37,3.94,LR,1675556759
196,kulhudhuffushi,6.6221,73.07,26.69,78,100,1.71,MV,1675556759
197,bluefield,37.2698,-81.2223,1.12,61,48,2.02,US,1675556760
198,hamilton,39.1834,-84.5333,6.97,47,0,7.2,US,1675556760
199,kenai,60.5544,-151.2583,-2.73,84,100,3.09,US,1675556470
200,haines junction,60.7522,-137.5108,-9.03,73,100,0.51,CA,1675556761
201,sadovoye,47.7764,44.5089,-1.88,95,100,2.34,RU,1675556761
202,avera,33.194,-82.5271,5.73,48,67,2.45,US,1675556511
203,paamiut,61.994,-49.6678,-6.26,77,100,7.36,GL,1675556504
204,rio grande,-32.035,-52.0986,21.06,64,0,4.79,BR,1675556772
205,axim,4.8699,-2.2405,25.82,87,33,2.26,GH,1675556775
206,hithadhoo,-0.6,73.0833,27.36,71,72,6.98,MV,1675556776
207,alofi,-19.0595,-169.9187,22.94,94,100,8.23,NU,1675556777
208,san carlos de bariloche,-41.1456,-71.3082,28.86,20,0,9.77,AR,1675556779
209,lasa,46.6166,10.7002,1.49,69,31,3.94,IT,1675556780
210,airai,-8.9266,125.4092,18.04,84,100,1.08,TL,1675556782
211,longyearbyen,78.2186,15.6401,-8.09,57,0,11.83,SJ,1675556784
212,severnyy,50.677,36.5532,-3.98,92,100,4.02,RU,1675556785
213,khatanga,71.9667,102.5,-39.76,100,48,2.06,RU,1675556547
214,caravelas,-17.7125,-39.2481,26.57,80,35,5.01,BR,1675556613
215,yarim,14.298,44.3779,9.68,68,52,1.18,YE,1675556793
216,murgab,37.4966,61.9714,3.93,93,100,3.09,TM,1675556794
217,san pedro,14.35,121.0167,26.84,73,20,1.54,PH,1675556708
218,carutapera,-1.195,-46.02,24.74,93,100,3.35,BR,1675556795
219,lata,40.1629,-8.3327,5.92,65,0,2.02,PT,1675556796
220,san quintin,30.4833,-115.95,16.6,63,1,5.61,MX,1675556797
221,denia,38.8408,0.1057,12.08,44,0,1.34,ES,1675556797
222,semey,50.4111,80.2275,-13.38,98,98,1.72,KZ,1675556798
223,gizo,-8.103,156.8419,28.17,76,98,3.93,SB,1675556798
224,ashland,40.8167,-82.2665,2.68,57,36,7.44,US,1675556550
225,noumea,-22.2763,166.4572,33.99,99,90,6.51,NC,1675556799
226,kodiak,57.79,-152.4072,2.73,65,0,0.0,US,1675556799
227,sampit,-2.5333,112.95,23.87,94,100,0.68,ID,1675556800
228,gunnedah,-30.9833,150.25,25.82,20,0,2.46,AU,1675556800
229,capitan bado,-23.2667,-55.5333,23.1,67,66,1.83,PY,1675556800
230,ishigaki,24.3448,124.1572,21.07,83,75,5.66,JP,1675556801
231,pevek,69.7008,170.3133,-37.28,100,94,1.04,RU,1675556569
232,rocha,-34.4833,-54.3333,18.88,93,84,6.43,UY,1675556798
233,gualaquiza,-3.4,-78.55,18.58,86,68,0.67,EC,1675556801
234,yulara,-25.2406,130.9889,24.22,23,0,7.46,AU,1675556802
235,riyadh,24.6877,46.7219,14.08,58,0,3.16,SA,1675556760
236,jacmel,18.2342,-72.5347,26.91,78,5,0.72,HT,1675556802
237,vardo,70.3705,31.1107,-8.01,79,94,5.66,NO,1675556557
238,sorong,-0.8833,131.25,25.42,86,100,0.88,ID,1675556803
239,byron bay,-28.65,153.6167,29.41,65,98,3.8,AU,1675556803
240,harper,4.375,-7.7169,26.2,85,9,3.33,LR,1675556715
241,tessalit,20.1986,1.0114,15.4,16,55,4.77,ML,1675556804
242,talcahuano,-36.7167,-73.1167,16.82,88,100,2.57,CL,1675556804
243,brae,60.3964,-1.353,5.7,60,44,9.93,GB,1675556805
244,grafton,42.207,-71.6856,-10.15,32,75,4.12,US,1675556805
245,buzmeyin,38.0507,58.2056,1.85,93,75,2.06,TM,1675556806
246,maniitsoq,65.4167,-52.9,-16.16,82,52,5.78,GL,1675556806
247,luderitz,-26.6481,15.1594,17.96,83,52,6.99,NA,1675556581
248,yongzhou,26.4559,111.5988,7.03,81,100,1.27,CN,1675556807
249,wattegama,6.7989,81.4808,22.03,95,63,1.88,LK,1675556807
250,viedma,-40.8135,-62.9967,24.77,40,0,8.14,AR,1675556808
251,berezovyy,51.6667,135.7,-20.91,87,100,0.52,RU,1675556808
252,hovd,48.0056,91.6419,-16.03,80,24,0.5,MN,1675556665
253,pandan,14.0453,124.1694,25.18,87,90,7.5,PH,1675556808
254,bose,45.4612,8.0137,7.89,77,3,2.13,IT,1675556809
255,bacolod,10.6667,122.95,26.43,78,86,3.46,PH,1675556809
256,kushnarenkovo,55.105,55.3508,-15.98,97,100,1.04,RU,1675556810
257,kaoma,-14.7833,24.8,18.19,98,100,2.23,ZM,1675556810
258,flinders,-34.5833,150.8552,26.21,42,0,1.79,AU,1675556810
259,staryy nadym,65.6118,72.6842,-12.21,97,95,3.52,RU,1675556811
260,pochutla,15.7432,-96.4661,29.9,58,6,3.09,MX,1675556811
261,monte alegre,-2.0078,-54.0692,24.27,89,98,0.85,BR,1675556744
262,urusha,54.05,122.9,-28.18,99,98,0.73,RU,1675556812
263,nuuk,64.1835,-51.7216,-20.78,77,100,5.27,GL,1675556811
264,changli,39.7042,119.1506,-1.37,58,2,2.31,CN,1675556812
265,medea,36.2642,2.7539,3.13,79,0,0.32,DZ,1675556813
266,mitsamiouli,-11.3847,43.2844,27.26,73,99,0.81,KM,1675556813
267,zyryanka,65.75,150.85,-29.54,98,100,2.04,RU,1675556813
268,prince rupert,54.3161,-130.3201,7.83,91,100,16.46,CA,1675556814
269,samana,19.2056,-69.3369,24.98,81,1,4.27,DO,1675556814
270,balabac,7.9868,117.0645,26.76,81,64,6.67,PH,1675556814
271,pajacuaran,20.1167,-102.5667,23.62,26,3,1.69,MX,1675556815
272,chirongui,-12.9319,45.1483,26.96,76,54,3.21,YT,1675556815
273,alugan,12.2188,125.4808,25.89,85,100,7.23,PH,1675556816
274,oruro,-17.9833,-67.15,5.45,84,99,3.35,BO,1675556816
275,przhevalskoye,55.5093,31.8482,-7.43,96,99,2.77,RU,1675556816
276,mount isa,-20.7333,139.5,29.87,25,85,5.14,AU,1675556817
277,dalbandin,28.8947,64.4101,14.99,52,0,1.94,PK,1675556817
278,chama,47.1821,8.4636,4.12,95,100,0.0,CH,1675556818
279,grindavik,63.8424,-22.4338,3.26,93,100,10.8,IS,1675556818
280,asekeyevo,53.5742,52.7972,-13.09,93,100,1.72,RU,1675556818
281,port macquarie,-31.4333,152.9167,27.72,54,0,2.24,AU,1675556664
282,kayerkan,69.3497,87.7602,-11.93,92,100,2.11,RU,1675556819
283,barmer,25.75,71.3833,16.79,24,0,1.78,IN,1675556819
284,martapura,-3.4167,114.85,26.05,94,20,2.06,ID,1675556572
285,atambua,-9.1061,124.8925,23.65,88,100,0.92,ID,1675556820
286,flin flon,54.7682,-101.865,-14.09,66,100,1.03,CA,1675556820
287,antofagasta,-23.65,-70.4,23.6,81,3,0.99,CL,1675556693
288,port hardy,50.6996,-127.4199,8.1,87,100,12.86,CA,1675556818
289,owando,-0.4819,15.8999,23.8,59,100,1.3,CG,1675556821
290,cap malheureux,-19.9842,57.6142,24.7,85,90,5.31,MU,1675556821
291,salta,-24.7859,-65.4117,16.43,91,100,2.57,AR,1675556822
292,zurrieq,35.8311,14.4742,9.73,87,0,1.54,MT,1675556824
293,ostrovnoy,68.0531,39.5131,-10.25,84,100,5.66,RU,1675556825
294,drexel heights,32.1412,-111.0284,24.5,12,0,3.13,US,1675556831
295,shimoda,34.6667,138.95,9.2,58,66,5.76,JP,1675556615
296,sinegorye,62.0788,150.477,-26.99,99,100,0.82,RU,1675556837
297,sao felix do xingu,-6.6447,-51.995,22.32,99,92,0.46,BR,1675556839
298,guerrero negro,27.9769,-114.0611,18.62,51,0,5.19,MX,1675556845
299,tonk,26.1667,75.7833,14.87,41,0,0.64,IN,1675556846
300,oktyabrskiy,54.4815,53.471,-13.07,95,100,0.82,RU,1675556847
301,bandipur,27.9333,84.4167,6.92,70,1,1.13,NP,1675556853
302,arman,59.7,150.1667,-23.94,85,53,3.36,RU,1675556854
303,durango,24.8333,-104.8333,21.34,18,24,2.46,MX,1675556627
304,teguldet,57.3064,88.1667,-24.05,100,100,0.1,RU,1675556855
305,tabou,4.423,-7.3528,25.43,87,31,2.67,CI,1675556855
306,de-kastri,51.4667,140.7833,-20.53,93,77,1.67,RU,1675556855
307,shirokiy,49.758,129.523,-23.95,98,91,2.43,RU,1675556856
308,nianzishan,47.5167,122.8833,-20.44,94,5,1.59,CN,1675556856
309,ayan,56.45,138.1667,-21.74,86,89,2.16,RU,1675556857
310,urumqi,43.801,87.6005,-8.47,86,75,4.0,CN,1675556769
311,ancud,-41.8697,-73.8203,16.87,82,18,1.28,CL,1675556857
312,aasiaat,68.7098,-52.8699,-24.28,100,97,2.59,GL,1675556858
313,harindanga,22.0383,88.3214,16.81,39,88,2.35,IN,1675556858
314,vanderhoof,54.0166,-124.0198,1.51,92,100,2.95,CA,1675556858
315,orlovskiy,46.8714,42.0592,0.77,98,100,1.1,RU,1675556859
316,kapoeta,4.7717,33.5903,27.98,28,68,1.78,SS,1675556860
317,dimitrovgrad,54.2139,49.6184,-13.77,97,100,1.45,RU,1675556860
318,avanigadda,16.0215,80.9181,19.17,87,3,1.65,IN,1675556860
319,barra do bugres,-15.0725,-57.1811,23.66,91,100,1.39,BR,1675556861
320,buala,-8.145,159.5921,27.14,85,100,2.42,SB,1675556861
321,nchelenge,-9.3451,28.734,20.9,87,99,2.2,ZM,1675556861
322,coahuayana,18.7333,-103.6833,27.05,53,1,1.82,MX,1675556862
323,watertown,42.3709,-71.1828,-9.24,30,100,6.17,US,1675556587
324,kruisfontein,-34.0033,24.7314,21.39,63,68,2.28,ZA,1675556778
325,saint anthony,45.0205,-93.218,-1.86,73,0,3.09,US,1675556862
326,canico,32.6333,-16.85,17.35,74,40,7.2,PT,1675556863
327,mount gambier,-37.8333,140.7667,16.12,65,100,1.8,AU,1675556863
328,taoudenni,22.6783,-3.9836,15.23,38,100,6.01,ML,1675556863
329,sheridan,44.8333,-106.9173,6.21,57,0,1.54,US,1675556864
330,san cristobal,7.7669,-72.225,22.1,64,40,0.73,VE,1675556864
331,tezu,27.9167,96.1667,15.03,30,27,1.82,IN,1675556864
332,port-cartier,50.0334,-66.8654,-20.14,75,50,5.95,CA,1675556865
333,samarinda,-0.5,117.15,23.55,97,100,0.87,ID,1675556866
334,amarpur,25.0333,86.9,12.13,56,1,2.86,IN,1675556866
335,visnes,59.3556,5.2242,5.03,87,20,9.26,NO,1675556867
336,kavaratti,10.5669,72.642,27.21,69,45,1.83,IN,1675556867
337,huarmey,-10.0681,-78.1522,22.93,78,71,3.48,PE,1675556868
338,muros,42.7762,-9.0603,8.24,84,1,4.36,ES,1675556868
339,batemans bay,-35.7167,150.1833,21.17,46,0,2.46,AU,1675556869
340,fairbanks,64.8378,-147.7164,-13.02,82,40,2.57,US,1675556739
341,actopan,20.2667,-98.9333,16.34,36,0,3.51,MX,1675556869
342,kangaatsiaq,68.3065,-53.4641,-21.79,95,63,4.07,GL,1675556869
343,sola,-13.8833,167.55,27.37,78,100,4.12,VU,1675556860
344,los llanos de aridane,28.6585,-17.9182,14.86,66,75,6.17,ES,1675556870
345,tuktoyaktuk,69.4541,-133.0374,-42.0,66,20,1.03,CA,1675556782
346,kisangani,0.5167,25.2,21.38,50,19,0.81,CD,1675556871
347,handia,25.3833,82.1833,11.89,55,0,2.83,IN,1675556871
348,raudeberg,61.9875,5.1352,3.86,13,100,8.46,NO,1675556871
349,pervomayskiy,53.2485,40.2871,-7.01,97,97,2.1,RU,1675556872
350,katobu,-4.9408,122.5276,25.12,89,100,1.15,ID,1675556872
351,reconquista,-29.15,-59.65,23.72,31,89,2.72,AR,1675556872
352,namatanai,-3.6667,152.4333,27.96,74,100,0.88,PG,1675556873
353,vao,-22.6667,167.4833,26.45,87,100,9.15,NC,1675556873
354,puerto narino,-3.7703,-70.3831,21.56,99,100,0.49,CO,1675556873
355,kenora,49.8167,-94.4337,-13.46,85,100,2.06,CA,1675556874
356,kieta,-6.2167,155.6333,27.43,80,96,1.14,PG,1675556874
357,udachnyy,66.4167,112.4,-41.42,72,75,0.11,RU,1675556660
358,rorvik,64.8621,11.2373,1.06,80,40,4.12,NO,1675556876
359,frederico westphalen,-27.3592,-53.3944,21.91,72,64,1.79,BR,1675556876
360,narsaq,60.9167,-46.05,-4.88,93,94,1.51,GL,1675556877
361,matara,5.9485,80.5353,23.17,93,71,2.54,LK,1675556667
362,wamba,8.9333,8.6,25.92,18,39,2.32,NG,1675556877
363,kargasok,59.0556,80.8572,-19.9,100,100,1.65,RU,1675556878
364,puerto del rosario,28.5004,-13.8627,13.86,67,0,3.6,ES,1675556878
365,berlevag,70.8578,29.0864,-3.0,73,75,4.63,NO,1675556879
366,koslan,63.4564,48.8989,-15.04,99,99,1.0,RU,1675556879
367,bowen,-20.0167,148.2333,27.51,84,100,2.3,AU,1675556879
368,vyritsa,59.4078,30.3481,-4.27,97,100,2.95,RU,1675556880
369,kalispell,48.1958,-114.3129,5.27,71,100,4.12,US,1675556880
370,soe,-9.8607,124.284,20.56,92,100,1.67,ID,1675556880
371,goiatuba,-18.0125,-49.3547,21.15,89,100,1.65,BR,1675556881
372,chanika,-5.4167,38.0167,19.59,98,100,1.35,TZ,1675556881
373,omboue,-1.5746,9.2618,25.06,88,100,2.44,GA,1675556639
374,teya,60.3778,92.6267,-13.53,98,100,1.38,RU,1675556882
375,alegrete,-29.7831,-55.7919,21.96,34,6,4.21,BR,1675556883
376,resistencia,-27.4606,-58.9839,28.94,42,0,3.09,AR,1675556883
377,matay,28.419,30.7792,10.69,51,86,1.98,EG,1675556664
378,meadow lake,34.8014,-106.5436,14.71,19,8,1.11,US,1675556883
379,tuy hoa,13.0833,109.3,23.82,82,100,1.41,VN,1675556884
380,aksu,41.1231,80.2644,-7.57,84,49,1.59,CN,1675556885
381,calabozo,8.9242,-67.4293,29.58,48,45,3.8,VE,1675556885
382,stonewall,50.1344,-97.3268,-10.55,95,100,2.26,CA,1675556885
383,ketchikan,55.3422,-131.6461,7.99,93,100,5.14,US,1675556886
384,mujiayingzi,42.1167,118.7833,-5.67,38,82,2.69,CN,1675556886
385,bambous virieux,-20.3428,57.7575,26.14,83,40,1.54,MU,1675556886
386,tortoli,39.9256,9.6572,9.9,81,75,5.14,IT,1675556887
387,hobyo,5.3505,48.5268,23.48,74,51,6.27,SO,1675556887
388,vestmannaeyjar,63.4427,-20.2734,4.85,88,100,13.31,IS,1675556887
389,islamabad,33.7104,73.1338,12.13,71,21,2.28,PK,1675556749
390,torbay,47.6666,-52.7314,-11.52,82,75,11.83,CA,1675556888
391,dalby,-27.1833,151.2667,31.1,44,40,0.89,AU,1675556889
392,yelan,50.949,43.7378,-7.85,96,100,2.96,RU,1675556889
393,igurusi,-8.85,33.85,17.94,93,100,1.0,TZ,1675556890
394,tamworth,52.634,-1.6959,6.63,87,91,5.34,GB,1675556890
395,ust-nera,64.5667,143.2,-32.28,98,100,0.46,RU,1675556891
396,imelda,7.65,123.95,25.88,81,98,0.75,PH,1675556891
397,coari,-4.085,-63.1414,22.07,98,98,0.63,BR,1675556891
398,ericeira,38.9627,-9.4156,13.21,93,0,5.17,PT,1675556892
399,murmashi,68.8154,32.8115,-14.77,100,75,0.0,RU,1675556893
400,petropavlovsk-kamchatskiy,53.0452,158.6483,-12.67,61,75,3.0,RU,1675556893
401,port blair,11.6667,92.75,26.02,89,75,2.06,IN,1675556893
402,hay river,60.8156,-115.7999,-22.01,71,75,2.06,CA,1675556894
403,severo-yeniseyskiy,60.3725,93.0408,-14.75,98,100,1.48,RU,1675556894
404,outjo,-20.1167,16.15,18.34,83,100,2.89,NA,1675556894
405,chunskiy,56.0815,99.6342,-24.33,100,100,0.5,RU,1675556895
406,wainwright,52.839,-110.8572,-1.48,96,76,2.53,CA,1675556895
407,slobozia,46.7281,29.7078,-1.74,72,100,7.0,MD,1675556895
408,marawi,7.9986,124.2928,22.08,79,100,0.59,PH,1675556896
409,dwarka,22.2394,68.9678,20.29,64,19,4.13,IN,1675556896
410,caraquet,47.7941,-64.9386,-17.7,72,38,12.01,CA,1675556896
411,sur,22.5667,59.5289,20.91,70,3,3.75,OM,1675556897
412,romny,50.751,33.4747,-4.31,94,100,3.83,UA,1675556897
413,yumen,40.2833,97.2,-3.54,39,100,6.73,CN,1675556898
414,spirit river,55.7833,-118.8361,-4.76,96,93,1.49,CA,1675556898
415,tinyahuarco,-10.75,-76.3,5.7,85,100,3.37,PE,1675556898
416,naze,28.3667,129.4833,15.51,64,99,4.61,JP,1675556899
417,khuzhir,53.1939,107.3397,-15.79,86,17,1.96,RU,1675556899
418,nosy varika,-20.5833,48.5333,22.76,93,98,2.41,MG,1675556900
419,zhigansk,66.7697,123.3711,-42.21,97,46,4.59,RU,1675556900
420,ossora,59.2353,163.0719,-17.53,85,100,1.04,RU,1675556900
421,inuvik,68.3499,-133.7218,-33.52,68,20,2.57,CA,1675556901
422,cuamba,-14.8031,36.5372,20.38,96,89,1.02,MZ,1675556901
423,annamalainagar,11.4,79.7333,22.41,82,3,3.34,IN,1675556652
424,zhanakorgan,43.9098,67.2495,2.4,92,98,2.98,KZ,1675556902
425,bathsheba,13.2167,-59.5167,26.34,78,75,9.77,BB,1675556902
426,coquimbo,-29.9533,-71.3436,19.85,72,0,4.12,CL,1675556644
427,ulychne,49.2338,23.6511,-5.26,95,100,4.19,UA,1675556903
428,ciudad bolivar,8.1222,-63.5497,28.65,49,93,6.54,VE,1675556684
429,krasnoselkup,65.7,82.4667,-13.63,96,100,3.86,RU,1675556903
430,mehamn,71.0357,27.8492,-3.03,74,20,4.12,NO,1675556904
431,notre-dame-du-lac,47.6136,-68.7964,-25.81,90,11,1.86,CA,1675556904
432,minot,48.2325,-101.2963,-1.88,86,100,3.6,US,1675556612
433,kaka,37.3482,59.6143,4.33,73,100,2.56,TM,1675556758
434,lompoc,34.6391,-120.4579,19.88,77,75,2.57,US,1675556905
435,ponta delgada,37.7333,-25.6667,13.4,88,20,2.57,PT,1675556905
436,paita,-5.0892,-81.1144,23.66,78,94,4.2,PE,1675556906
437,lorengau,-2.0226,147.2712,29.28,67,79,2.44,PG,1675556906
438,plettenberg bay,-34.0527,23.3716,21.91,71,12,2.99,ZA,1675556906
439,chulumani,-16.4096,-67.5263,16.42,99,100,0.17,BO,1675556907
440,altamira,-3.2033,-52.2064,22.84,97,100,1.25,BR,1675556907
441,dandong,40.1292,124.3947,-4.96,62,1,1.12,CN,1675556908
442,gold coast,-28.0,153.4333,32.36,62,40,6.17,AU,1675556680
443,stranda,62.3096,6.9358,5.19,86,100,1.34,NO,1675556908
444,dauriya,49.9333,116.8667,-30.16,100,66,0.69,RU,1675556908
445,henties bay,-22.116,14.2845,17.87,86,97,2.74,NA,1675556909
446,egvekinot,66.3167,-179.1667,-32.31,88,17,5.79,RU,1675556909
447,bolgatanga,10.7856,-0.8514,27.62,17,59,2.54,GH,1675556909
448,upington,-28.4478,21.2561,24.21,57,20,3.09,ZA,1675556910
449,bosaso,11.2842,49.1816,21.3,78,62,0.66,SO,1675556910
450,salalah,17.0151,54.0924,21.05,83,20,1.54,OM,1675556911
451,kalmunai,7.4167,81.8167,24.72,86,90,3.81,LK,1675556911
452,biak,-0.9131,122.8766,25.14,82,99,2.11,ID,1675556911
453,kensington,-33.9167,151.2167,28.17,36,0,3.6,AU,1675556912
454,bryan,30.6744,-96.37,15.01,66,100,3.09,US,1675556912
455,rafaela,-31.2503,-61.4867,26.1,34,1,0.89,AR,1675556913
456,havelock,34.8791,-76.9013,2.99,73,0,1.54,US,1675556913
457,burnie,-41.0667,145.9167,19.49,47,3,4.15,AU,1675556913
458,tocopilla,-22.092,-70.1979,23.31,74,10,2.07,CL,1675556906
459,zarand,30.8127,56.564,6.48,71,49,1.54,IR,1675556914
460,ladario,-19.0047,-57.6017,27.02,55,59,0.72,BR,1675556914
461,kaputa,-8.4689,29.6619,20.44,85,100,1.12,ZM,1675556915
462,morant bay,17.8815,-76.4093,25.79,79,11,3.57,JM,1675556915
463,cuiaba,-15.5961,-56.0967,23.96,88,75,0.0,BR,1675556915
464,vieste,41.8825,16.175,6.08,55,81,15.3,IT,1675556665
465,college,64.8569,-147.8028,-13.03,78,75,2.57,US,1675556827
466,nome,64.5011,-165.4064,-9.96,85,100,3.09,US,1675556916
467,pocoes,-14.5297,-40.3653,19.94,93,56,2.36,BR,1675556917
468,nezhinka,51.7676,55.3694,-14.89,72,0,3.13,RU,1675556917
469,wahiawa,21.5028,-158.0236,23.2,79,100,3.09,US,1675556736
470,jumla,29.2747,82.1838,2.19,42,0,2.0,NP,1675556918
471,alibag,18.6411,72.8792,24.04,56,1,1.6,IN,1675556918
472,paso de los toros,-32.8167,-56.5167,19.15,42,1,4.06,UY,1675556919
473,dalvik,65.9702,-18.5286,1.96,74,62,6.12,IS,1675556919
474,codrington,-38.2667,141.9667,16.43,70,100,3.19,AU,1675556920
475,hami,42.8,93.45,-1.08,37,100,2.0,CN,1675556823
476,kysyl-syr,63.8986,122.7617,-33.7,98,100,1.92,RU,1675556920
477,sao francisco,-15.9486,-44.8644,24.44,70,16,1.46,BR,1675556921
478,tursunzoda,38.5144,68.2333,6.71,49,100,2.23,TJ,1675556921
479,bubaque,11.2833,-15.8333,25.03,66,28,6.49,GW,1675556921
480,mackenzie,55.2999,-123.1698,2.12,87,100,4.12,CA,1675556922
481,xiamen,24.4798,118.0819,14.03,94,100,1.0,CN,1675556703
482,sindou,10.6667,-5.1667,25.75,17,12,2.49,BF,1675556922
483,labuhan,-6.8844,112.2051,25.17,87,100,2.57,ID,1675556923
484,deniliquin,-35.5333,144.9667,20.06,42,1,2.91,AU,1675556923
485,marzuq,14.4,46.4667,16.99,65,62,0.84,YE,1675556924
486,igarka,67.4667,86.5833,-13.16,96,100,4.19,RU,1675556660
487,huicungo,-7.2833,-76.8,24.58,68,100,0.7,PE,1675556925
488,ocean city,39.2776,-74.5746,-2.78,65,4,4.02,US,1675556700
489,north bend,43.4065,-124.2243,13.84,85,75,1.54,US,1675556905
490,dzilam gonzalez,21.2833,-88.9333,22.44,76,62,4.37,MX,1675556925
491,maceio,-9.6658,-35.7353,25.69,94,40,2.06,BR,1675556652
492,pandan niog,6.2282,120.5631,26.95,80,95,2.96,PH,1675556926
493,leshukonskoye,64.8989,45.7622,-24.6,100,99,1.26,RU,1675556926
494,itaituba,-4.2761,-55.9836,23.85,98,79,0.48,BR,1675556926
495,kadi,23.3,72.3333,14.92,28,7,2.64,IN,1675556927
496,lazaro cardenas,17.9583,-102.2,27.73,57,0,4.0,MX,1675556928
497,boa esperanca,-21.09,-45.5658,21.23,90,89,0.83,BR,1675556928
498,lucapa,-8.4192,20.7447,17.21,97,100,1.01,AO,1675556928
499,leningradskiy,69.3833,178.4167,-31.45,99,100,1.85,RU,1675556929
500,rupnagar,30.9664,76.5331,12.66,63,0,2.51,IN,1675556929
501,corinto,37.9407,22.9573,8.83,93,81,3.81,GR,1675556929
502,arlit,18.7369,7.3853,21.49,11,4,4.36,NE,1675556930
503,birzai,56.2,24.75,-5.74,92,78,3.88,LT,1675556930
504,ghatanji,20.1333,78.3167,18.02,21,0,1.46,IN,1675556930
505,santa maria a vico,41.0255,14.4654,8.06,39,12,7.77,IT,1675556931
506,ewa beach,21.3156,-158.0072,24.99,76,20,4.63,US,1675556931
507,poshekhonye,58.4993,39.1353,-4.44,98,100,1.16,RU,1675556932
508,rapar,23.5667,70.6333,18.12,36,0,1.55,IN,1675556932
509,necochea,-38.5473,-58.7368,16.08,73,0,4.49,AR,1675556932
510,qobustan,40.0824,49.412,7.08,87,88,1.84,AZ,1675556933
511,bairiki,1.3292,172.9752,30.0,74,40,5.14,KI,1675556933
512,rincon,32.296,-81.2354,9.36,75,20,3.09,US,1675556933
513,comodoro rivadavia,-45.8667,-67.5,22.92,49,0,1.03,AR,1675556682
514,srednekolymsk,67.45,153.6833,-36.05,100,100,1.73,RU,1675556934
515,katsuura,35.1333,140.3,8.53,62,16,6.33,JP,1675556934
516,port augusta,-32.5,137.7667,22.71,39,1,1.81,AU,1675556935
517,ilulissat,69.2167,-51.1,-18.99,65,66,0.51,GL,1675556892
518,malindi,-3.2175,40.1191,24.24,87,67,3.94,KE,1675556935
519,zavodskoy,43.4597,132.2922,-15.23,78,58,2.0,RU,1675556936
520,casino,-28.8667,153.05,29.32,54,88,1.65,AU,1675556936
521,brasilia de minas,-16.2064,-44.4333,22.58,74,80,1.34,BR,1675556936
522,rawatbhata,24.9333,75.5833,16.46,36,0,1.27,IN,1675556937
523,luau,-10.7073,22.2247,16.36,99,100,0.86,AO,1675556937
524,taltal,-25.4,-70.4833,21.49,81,55,1.32,CL,1675556937
525,ballina,-28.8667,153.5667,29.45,62,90,3.54,AU,1675556938
526,svetlyy,54.675,20.1347,-0.97,80,55,3.16,RU,1675556938
527,sao gabriel,-30.3364,-54.32,20.46,37,2,3.6,BR,1675556939
528,novikovo,51.1537,37.8879,-6.52,97,91,2.82,RU,1675556939
529,majene,-3.5403,118.9707,26.82,73,100,2.11,ID,1675556939
530,butembo,0.15,29.2833,15.09,57,53,1.51,CD,1675556940
531,umm lajj,25.0213,37.2685,18.38,53,25,4.38,SA,1675556678
532,bahar,34.9072,48.4414,-7.91,86,0,1.03,IR,1675556940
533,saint-pierre,-21.3393,55.4781,24.82,83,0,2.06,RE,1675556783
534,mangan,27.5167,88.5333,14.17,67,96,1.35,IN,1675556941
535,dedougou,12.4667,-3.4667,24.8,15,17,2.9,BF,1675556941
536,mahon,39.8885,4.2658,12.31,66,0,9.77,ES,1675556942
537,lingsugur,16.1667,76.5167,20.04,46,5,1.53,IN,1675556942
538,isla mujeres,21.2311,-86.731,21.03,83,66,6.36,MX,1675556943
539,suksun,57.1431,57.3949,-14.35,97,100,0.63,RU,1675556943
540,amurrio,43.05,-3.0,8.81,78,100,1.97,ES,1675556945
541,port hedland,-20.3167,118.5667,31.03,55,12,5.66,AU,1675556945
542,auchi,7.0667,6.2667,25.47,78,91,2.95,NG,1675556946
543,buraydah,26.326,43.975,12.25,36,0,5.03,SA,1675556946
544,planaltina,-15.4528,-47.6142,18.87,90,9,0.54,BR,1675556840
545,sao filipe,14.8961,-24.4956,22.01,63,39,5.89,CV,1675556775
546,montrose,38.4166,-108.2673,1.76,70,9,0.25,US,1675556947
547,ridgecrest,35.6225,-117.6709,17.23,22,0,2.57,US,1675556948
548,domoni,-12.2569,44.5319,26.05,85,98,1.06,KM,1675556949
549,moose factory,51.2585,-80.6094,-11.0,85,100,4.12,CA,1675556950
550,ripoll,42.2006,2.1903,7.11,33,0,3.68,ES,1675556950
551,caldwell,43.6629,-116.6874,7.17,62,0,1.54,US,1675556942
552,sioux lookout,50.1001,-91.917,-14.96,78,100,0.0,CA,1675556951
553,sarti,40.1,23.9833,6.45,60,100,6.16,GR,1675556952
554,sayyan,15.1718,44.3244,10.86,50,37,0.81,YE,1675556952
555,tromso,69.6496,18.957,1.01,60,75,6.17,NO,1675556953
